station_id,station_name,so_many,one_or_two,none,lines_served
17700,"Grant Av",12,11,4,"A"
17921,"Great Kills",2,5,12,"SIR"
17670,"116 St",0,11,2,"A C B"
17920,"Eltingville",2,4,16,"SIR"
17924,"New Dorp",2,4,16,"SIR"
17549,"116 St",6,18,9,"2 3"
17759,"Sutphin Blvd",4,5,4,"E F"
17927,"Dongan Hills",1,2,9,"SIR"
17666,"155 St",4,10,7,"A C"
17724,"Bedford Park Blvd",4,14,9,"B D"
17847,"Montrose Av",5,3,4,"L"
17919,"Annadale",2,0,12,"SIR"
17922,"Bay Terrace",0,1,11,"SIR"
17932,"Tompkinsville",0,1,11,"SIR"
17767,"York St",8,11,10,"A F"
17872,"Bowery",4,7,6,"J Z"
17796,"Northern Blvd",3,6,5,"E F M R"
20053,"Hoyt-Schermerhorn Sts",19,37,32,"A C G"
17728,"Tremont Av",11,9,12,"B D"
17726,"Fordham Rd",11,17,18,"B D"
17689,"Franklin Av",7,17,16,"S A C"
17907,"59 St",12,30,28,"N R W"
20024,"3 Av-149 St",28,20,32,"2 5"
17546,"149 St - Grand Concourse",34,35,47,"2 4 5"
20055,"Kingston-Throop Avs",10,9,13,"A C"
17730,"170 St",8,8,11,"B D"
17727,"182-183 Sts",2,9,8,"B D"
17725,"Kingsbridge Rd",7,12,14,"B D"
17794,"Elmhurst Av",7,5,9,"E F M R"
17909,"77 St",1,7,6,"R"
17732,"155 St",4,5,7,"B D"
17809,"Classon Av",3,6,7,"G"
17737,"Grand St",11,12,18,"B D"
17692,"Utica Av",20,29,39,"A C"
17733,"7 Av",29,41,56,"E B D"
17766,"East Broadway",9,11,16,"A F"
17852,"Halsey St",5,10,12,"L"
17620,"125 St",27,45,58,"4 5 6"
20063,"Kew Gardens-Union Tpke",14,37,42,"E F"
17570,"Nostrand Av",1,5,5,"2 3 4 5"
17602,"Pelham Bay Park",2,5,6,"6"
17699,"Euclid Av",13,15,24,"A C"
17497,"181 St",14,2,14,"1"
17567,"Beverly Rd",0,8,7,"2 5"
23295,"Christopher St-Stonewall",4,4,7,"1 2"
17499,"157 St",3,6,8,"1"
17636,"Broadway-Lafayette St / Bleecker St",31,51,73,"4 6 A B D F M"
17506,"96 St",11,29,36,"1 2 3"
17765,"Delancey St / Essex St",19,31,45,"A F M J Z"
17631,"33 St",6,15,19,"4 6"
17638,"Canal St",34,44,71,"4 6 J Z N Q R W"
17647,"Jackson Hts-Roosevelt Av / 74 St",61,101,149,"7 E F M R"
17690,"Nostrand Av",15,22,34,"A C"
17621,"116 St",4,10,13,"4 6"
17878,"Bay Pkwy",9,6,14,"N W"
17615,"E 149 St",6,11,16,"6"
17518,"14 St / 6 Av",24,55,76,"1 2 3 F M L"
17634,"14 St - Union Sq",64,90,148,"4 5 6 L N Q R W"
17495,"Dyckman St",3,4,7,"1"
17516,"23 St",2,3,5,"1 2"
17553,"Wall St",3,5,8,"2 3"
17562,"Franklin Av / Botanic Garden",12,21,33,"S 2 3 4 5"
17565,"Winthrop St",4,7,11,"2 5"
17586,"Fordham Rd",5,12,17,"4"
17589,"176 St",4,2,6,"4"
17595,"Wall St",5,4,9,"4 5"
17612,"Whitlock Av",5,0,5,"6"
17613,"Hunts Point Av",15,25,40,"6"
17618,"Brook Av",2,3,5,"6"
17693,"Ralph Av",5,4,9,"A C"
17731,"167 St",5,11,16,"B D"
17850,"DeKalb Av",4,5,9,"L"
17876,"18 Av",2,6,8,"N W"
20058,"Norwood-205 St",3,6,9,"D"
20067,"Sutphin Blvd-Archer Av-JFK Airport",21,48,69,"E J Z"
20069,"Forest Hills-71 Av",15,31,47,"E F M R"
17498,"168 St - Washington Hts",15,19,35,"1 A C"
17681,"W 4 St - Wash Sq",23,47,73,"A C E B D F M"
20057,"21 St-Queensbridge",6,7,14,"F M"
17685,"Jay St - MetroTech",40,57,105,"A C F N Q R W"
17558,"Atlantic Av-Barclays Ctr",52,81,145,"2 3 4 5 B D N Q R W"
17851,"Myrtle - Wyckoff Avs",10,23,36,"M L"
17843,"1 Av",5,14,21,"L"
20071,"Grand Av-Newtown",7,12,21,"E F M R"
17628,"Lexington Av / 59 St",36,47,92,"4 5 6 N R W"
17758,"Parsons Blvd",4,14,20,"E F"
20017,"137 St-City College",5,4,10,"1"
17844,"Bedford Av",10,7,19,"L"
17526,"South Ferry / Whitehall",23,18,46,"1 N Q R W"
17625,"86 St",16,17,37,"4 5 6"
17669,"125 St",20,29,55,"A C B D"
17694,"Rockaway Av",4,10,16,"A C"
17803,"Nassau Av",2,5,8,"G"
17853,"Wilson Av",3,4,8,"L"
17802,"Greenpoint Av",0,6,7,"G"
17906,"53 St",6,6,14,"N R W"
17655,"Court Sq - 23 St",16,30,54,"7 E F M G"
17709,"Lexington Av / 63 St",15,19,40,"F M N Q R"
17684,"High St",5,6,13,"A C"
17792,"Woodhaven Blvd",3,13,19,"E F M R"
17806,"Flushing Av",1,4,6,"G"
20159,"3 Av-138 St",6,14,24,"6"
20026,"Flatbush Av-Brooklyn College",12,17,35,"2 5"
17547,"135 St",9,5,17,"2 3"
17552,"Fulton St",27,58,103,"2 3 4 5 A C J Z"
17624,"96 St",4,10,17,"4 6"
17664,"175 St",11,8,23,"A"
17800,"Queens Plaza",8,25,40,"E F M R"
17509,"72 St",4,19,28,"1 2 3"
17661,"Dyckman St",3,6,11,"A"
17797,"46 St",5,8,16,"E F M R"
17735,"34 St - Herald Sq",34,71,130,"B D F M N Q R W"
20062,"Jamaica-179 St",12,13,31,"E F"
17523,"Chambers St",7,9,20,"1 2 3"
17711,"9 Av",3,5,10,"D R W"
17897,"Prince St",10,2,15,"N Q R W"
20027,"Crown Hts-Utica Av",18,21,49,"2 3 4 5"
17764,"2 Av",13,13,33,"A F"
17632,"28 St",3,8,14,"4 6"
20068,"Jamaica-Van Wyck",5,6,14,"E"
17626,"77 St",2,12,18,"4 6"
17769,"Carroll St",5,9,18,"F G"
17667,"145 St",21,23,57,"A C B D"
20073,"Bedford-Nostrand Avs",4,9,17,"G"
17900,"DeKalb Av",18,22,53,"B D N Q R W"
17760,"Briarwood",3,3,8,"E F"
17695,"Broadway Junction",44,71,154,"A C J Z L"
17583,"Mosholu Pkwy",5,9,19,"4"
20023,"West Farms Sq-E Tremont Av",6,8,19,"2 5"
17551,"Chambers St / WTC / Park Place / Cortlandt St",20,32,71,"2 3 A C E N Q R W"
17836,"Van Siclen Av",4,7,15,"J Z"
17804,"Metropolitan Av / Lorimer St",9,18,37,"G L"
20019,"66 St-Lincoln Center",4,4,11,"1 2"
20054,"Clinton-Washington Avs",6,2,11,"A C"
20059,"47-50 Sts-Rockefeller Ctr",16,35,70,"B D F M"
17555,"Borough Hall / Court St",7,13,28,"2 3 4 5 N Q R W"
17560,"Grand Army Plaza",2,3,7,"2 3 4"
17736,"23 St",4,11,21,"F M"
20050,"163 St-Amsterdam Av",3,2,7,"A C"
17658,"42 St - Bryant Pk / 5 Av",29,30,84,"7 B D F M"
17687,"Lafayette Av",5,2,10,"A C"
17740,"Parkside Av",3,4,10,"B Q"
17623,"103 St",3,6,13,"4 6"
17629,"Lexington Av / 51 St",24,39,92,"4 6 E F M"
17904,"36 St",11,12,34,"D N R W"
17531,"219 St",3,3,9,"2 5"
17762,"75 Av",3,1,6,"E F"
17775,"Church Av",1,7,12,"F G"
17799,"36 St",2,2,6,"E F M R"
17846,"Grand St",6,6,18,"L"
17855,"Atlantic Av",0,4,6,"L"
17858,"New Lots Av",1,3,6,"L"
20074,"Clinton-Washington Avs",0,4,6,"G"
17513,"Times Sq - 42 St / Port Authority Bus Terminal",81,122,312,"S 1 2 3 7 A C E N Q R W"
17895,"23 St",5,8,20,"N Q R W"
17798,"Steinway St",5,6,17,"E F M R"
20038,"Flushing-Main St",10,25,54,"7"
20072,"Myrtle-Willoughby Avs",1,8,14,"G"
20161,"75 St-Elderts Ln",5,4,14,"J Z"
20049,"Inwood-207 St",6,6,19,"A"
17548,"125 St",8,7,24,"2 3"
17614,"Longwood Av",2,3,8,"6"
17790,"67 Av",0,5,8,"E F M R"
17849,"Jefferson St",3,2,8,"L"
17857,"Livonia Av",3,2,8,"L"
20056,"Ozone Park-Lefferts Blvd",2,8,16,"A"
17663,"181 St",2,6,13,"A"
17811,"Fulton St",4,4,13,"G"
17880,"Avenue U",3,5,13,"N W"
17574,"Saratoga Av",4,5,15,"2 3 4 5"
17771,"4 Av - 9 St",8,10,30,"D F G N R W"
20031,"138 St-Grand Concourse",4,2,10,"4 5"
17677,"50 St",7,15,37,"A C E"
17511,"59 St - Columbus Circle",19,42,103,"1 2 A C B D"
17862,"Fresh Pond Rd",3,7,17,"M"
17622,"110 St",3,4,12,"4 6"
17630,"Grand Central - 42 St",26,51,133,"S 4 5 6 7"
17507,"86 St",4,4,14,"1 2 3"
17682,"Spring St",1,3,7,"A C E"
17837,"Alabama Av",6,2,14,"J Z"
17863,"Forest Av",1,3,7,"M"
20047,"Vernon Blvd-Jackson Av",3,5,14,"7"
17639,"Brooklyn Bridge-City Hall / Chambers St",8,17,44,"4 5 6 J Z"
17708,"Roosevelt Island",3,10,23,"F M"
17679,"23 St",5,4,16,"A C E"
17701,"80 St",2,9,20,"A"
20070,"63 Dr-Rego Park",2,9,20,"E F M R"
17744,"Newkirk Plaza",1,16,31,"B Q"
17520,"Houston St",4,2,11,"1 2"
17680,"14 St / 8 Av",21,20,75,"A C E L"
17905,"45 St",3,3,11,"N R W"
17601,"Morris Park",3,4,13,"5"
20022,"Wakefield-241 St",3,4,13,"2"
17566,"Church Av",5,3,15,"2 5"
17874,"8 Av",6,3,17,"N W"
17599,"Gun Hill Rd",6,6,23,"5"
17715,"62 St / New Utrecht Av",6,6,23,"D N R W"
17757,"169 St",5,7,23,"E F"
17683,"Canal St",6,7,25,"A C E"
17654,"Queensboro Plaza",12,14,51,"7 N W"
17540,"Freeman St",2,5,14,"2 5"
17673,"96 St",1,3,8,"A C B"
17717,"79 St",3,3,12,"D"
17820,"Beach 25 St",1,5,12,"A"
17833,"Crescent St",3,6,18,"J Z"
20020,"34 St-Penn Station",18,21,78,"1 2 3"
20037,"68 St-Hunter College",5,4,18,"4 6"
20061,"Coney Island-Stillwell Av",4,11,30,"D F N Q"
20052,"34 St-Penn Station",27,35,126,"A C E"
17748,"Kings Hwy",15,16,64,"B Q"
17841,"Kosciuszko St",3,5,17,"J"
17593,"161 St - Yankee Stadium",15,23,81,"4 B D"
17749,"Avenue U",2,5,15,"Q"
20623,"Newkirk Av-Little Haiti",3,4,15,"2 5"
17696,"Liberty Av",5,1,13,"A C"
17894,"28 St",2,4,13,"N Q R W"
17910,"86 St",8,10,39,"R"
17537,"E 180 St",10,11,46,"2 5"
17768,"Bergen St",1,4,11,"F G"
17879,"Kings Hwy",4,6,22,"N W"
17710,"57 St",4,5,20,"F M"
17720,"Bay Pkwy",3,5,18,"D R W"
17557,"Nevins St",4,6,23,"2 3 4 5"
17576,"Junius St",3,0,7,"2 3 4 5"
17578,"Van Siclen Av",0,3,7,"2 3 4 5"
17591,"170 St",4,2,14,"4"
17819,"Beach 36 St",1,2,7,"A"
17822,"Beach 90 St",2,1,7,"S A"
17834,"Norwood Av",1,2,7,"J Z"
17873,"Broad St",1,2,7,"J Z"
17888,"Broadway",3,3,14,"N W"
20015,"Van Cortlandt Park-242 St",3,3,14,"1"
20042,"82 St-Jackson Hts",0,6,14,"7"
17891,"5 Av / 59 St",3,5,19,"N R W"
17671,"Cathedral Pkwy (110 St)",3,2,12,"A C B"
17741,"Church Av",3,12,36,"B Q"
17867,"Myrtle Av",7,10,41,"M J Z"
17702,"88 St",1,3,10,"A"
17899,"Rector St",2,4,15,"N Q R W"
20088,"8 St-NYU",4,2,15,"N Q R W"
17739,"Prospect Park",6,13,48,"S B Q"
17893,"49 St",6,5,28,"N Q R W"
17541,"Simpson St",3,6,23,"2 5"
17848,"Morgan Av",2,3,13,"L"
20030,"Bedford Park Blvd-Lehman College",3,2,13,"4"
17512,"50 St",3,3,16,"1 2"
17774,"Fort Hamilton Pkwy",2,1,8,"F G"
17838,"Chauncey St",2,4,16,"J Z"
17494,"207 St",2,2,11,"1"
17577,"Pennsylvania Av",1,3,11,"2 3 4 5"
17600,"Pelham Pkwy",0,4,11,"5"
17668,"135 St",4,0,11,"A C B"
17718,"18 Av",2,2,11,"D"
17827,"111 St",2,2,11,"J"
20087,"57 St-7 Av",5,12,47,"N Q R W"
17871,"Marcy Av",5,4,25,"M J Z"
17845,"Graham Av",1,4,14,"L"
20040,"103 St-Corona Plaza",2,3,14,"7"
17866,"Central Av",5,1,17,"M"
20066,"Jamaica Center-Parsons / Archer",8,18,75,"E J Z"
17608,"Parkchester",3,7,29,"6"
20076,"Howard Beach-JFK Airport",3,7,29,"A"
17554,"Clark St",1,2,9,"2 3"
17579,"New Lots Av",3,1,12,"2 3 4 5"
17585,"Kingsbridge Rd",3,7,30,"4"
17743,"Cortelyou Rd",3,3,18,"B Q"
17529,"233 St",1,7,25,"2 5"
17532,"Gun Hill Rd",2,4,19,"2 5"
17884,"96 St",4,2,19,"N Q R"
17598,"Baychester Av",2,3,16,"5"
20041,"90 St-Elmhurst Av",2,3,16,"7"
17644,"Junction Blvd",3,6,29,"7"
17543,"Prospect Av",1,3,13,"2 5"
17596,"Bowling Green",4,7,36,"4 5"
17556,"Hoyt St",1,2,10,"2 3"
17840,"Gates Av",5,3,27,"J Z"
17564,"Sterling St",1,4,17,"2 5"
17719,"20 Av",1,4,17,"D"
17908,"Bay Ridge Av",2,3,17,"R"
17817,"Beach 60 St",1,6,24,"A"
17542,"Intervale Av",2,2,14,"2 5"
17544,"Jackson Av",3,3,21,"2 5"
17575,"Rockaway Av",4,0,14,"2 3 4 5"
17582,"Woodlawn",0,4,14,"4"
17829,"Woodhaven Blvd",3,5,28,"J Z"
20028,"Sutter Av-Rutland Rd",3,3,21,"2 3 4 5"
17747,"Avenue M",2,3,18,"B Q"
17865,"Knickerbocker Av",1,4,18,"M"
17534,"Allerton Av",3,3,22,"2 5"
17868,"Flushing Av",1,5,22,"M J"
20566,"61 St-Woodside",1,6,26,"7"
17491,"231 St",4,1,19,"1"
17524,"WTC Cortlandt",4,1,19,"1"
17536,"Bronx Park East",1,1,8,"2 5"
17588,"Burnside Av",1,5,24,"4"
17592,"167 St",3,2,20,"4"
17642,"111 St",1,3,16,"7"
17697,"Van Siclen Av",1,1,8,"A C"
17877,"20 Av",1,1,8,"N W"
17882,"72 St",3,5,32,"N Q R"
17883,"86 St",1,2,12,"N Q R"
17607,"Castle Hill Av",4,3,29,"6"
20044,"46 St-Bliss St",2,3,21,"7"
17703,"Rockaway Blvd",5,8,55,"A"
17839,"Halsey St",1,3,17,"J"
20160,"34 St-Hudson Yards",2,2,17,"7"
17530,"225 St",2,1,13,"2 5"
17835,"Cleveland St",3,0,13,"J"
17515,"28 St",1,1,9,"1 2"
17742,"Beverley Rd",1,1,9,"B Q"
17886,"Astoria Blvd",1,5,27,"N W"
20033,"Westchester Sq-E Tremont Av",1,3,18,"6"
20035,"E 143 St-St Mary's St",1,1,9,"6"
20051,"81 St-Museum of Natural History",2,4,27,"A C B"
20083,"Canarsie-Rockaway Pkwy",2,6,36,"L"
20084,"Middle Village-Metropolitan Av",0,2,9,"M"
17611,"Elder Av",3,2,23,"6"
17674,"86 St",2,1,14,"A C B"
17716,"71 St",2,1,14,"D"
20158,"Morrison Av-Soundview",3,3,28,"6"
17603,"Buhre Av",0,2,10,"6"
17637,"Spring St",2,1,15,"4 6"
17856,"Sutter Av",0,2,10,"L"
17902,"Prospect Av",0,2,10,"D N R W"
20025,"Eastern Pkwy-Brooklyn Museum",0,2,10,"2 3 4"
20060,"W 8 St-NY Aquarium",1,1,10,"F Q"
17763,"5 Av / 53 St",0,4,21,"E F M"
17698,"Shepherd Av",2,1,16,"A C"
17746,"Avenue J",2,1,16,"B Q"
17508,"79 St",1,1,11,"1 2 3"
17676,"72 St",2,2,22,"A C B"
17832,"Cypress Hills",1,1,11,"J"
17887,"30 Av",2,2,22,"N W"
17751,"Sheepshead Bay",2,4,34,"B Q"
17828,"104 St",3,0,17,"J Z"
17539,"174 St",3,2,29,"2 5"
17901,"Union St",0,2,12,"D N R W"
23364,"23 St-Baruch College",2,1,18,"4 6"
20032,"Eastchester-Dyre Av",1,1,13,"5"
17528,"Nereid Av",1,2,20,"2 5"
17535,"Pelham Pkwy",1,4,34,"2 5"
17587,"183 St",2,2,28,"4"
17772,"7 Av",1,1,14,"F G"
17752,"Brighton Beach",0,4,29,"B Q"
17635,"Astor Pl",1,1,15,"4 6"
17815,"Broad Channel",2,1,24,"S A"
17609,"St Lawrence Av",3,0,25,"6"
17738,"7 Av",0,2,17,"B Q"
17826,"121 St",1,1,17,"J Z"
17875,"Fort Hamilton Pkwy",1,1,17,"N W"
17816,"Beach 67 St",1,2,26,"A"
17776,"Ditmas Av",0,1,9,"F"
17777,"18 Av",0,1,9,"F"
20018,"116 St-Columbia University",0,1,9,"1"
20065,"15 St-Prospect Park",1,1,19,"F G"
20077,"Far Rockaway-Mott Av",0,2,19,"A"
20079,"85 St-Forest Pkwy",1,2,29,"J"
17502,"125 St",1,0,10,"1"
17606,"Zerega Av",0,1,10,"6"
17745,"Avenue H",1,0,10,"B Q"
17889,"36 Av",0,1,10,"N W"
17721,"25 Av",0,1,11,"D"
17780,"Avenue N",0,1,11,"F"
20085,"Astoria-Ditmars Blvd",2,0,22,"N W"
17533,"Burke Av",0,1,15,"2 5"
20045,"40 St-Lowery St",1,0,16,"7"
20039,"Mets-Willets Point",0,1,21,"7"
17590,"Mt Eden Av",0,0,20,"4"
17722,"Bay 50 St",0,0,10,"D"
20016,"Marble Hill-225 St",0,0,11,"1"
20046,"33 St-Rawson St",0,0,10,"7"